-- phpMyAdmin SQL Dump
-- version 4.2.12deb2+deb8u1
-- http://www.phpmyadmin.net
--
-- Host: localhost
-- Erstellungszeit: 15. Jul 2016 um 16:39
-- Server Version: 5.5.49-0+deb8u1
-- PHP-Version: 5.6.20-0+deb8u1

SET SQL_MODE = "NO_AUTO_VALUE_ON_ZERO";
SET time_zone = "+00:00";


/*!40101 SET @OLD_CHARACTER_SET_CLIENT=@@CHARACTER_SET_CLIENT */;
/*!40101 SET @OLD_CHARACTER_SET_RESULTS=@@CHARACTER_SET_RESULTS */;
/*!40101 SET @OLD_COLLATION_CONNECTION=@@COLLATION_CONNECTION */;
/*!40101 SET NAMES utf8 */;

--
-- Datenbank: `smartcare`
--

-- --------------------------------------------------------

--
-- Tabellenstruktur für Tabelle `carer`
--

CREATE TABLE IF NOT EXISTS `carer` (
`id` int(11) NOT NULL,
  `companyId` int(11) NOT NULL,
  `firstname` varchar(45) NOT NULL,
  `lastname` varchar(45) NOT NULL,
  `title` varchar(45) DEFAULT NULL,
  `password` varchar(45) NOT NULL,
  `email` varchar(45) NOT NULL,
  `street` varchar(45) DEFAULT NULL,
  `plz` varchar(45) DEFAULT NULL,
  `city` varchar(45) DEFAULT NULL
) ENGINE=InnoDB AUTO_INCREMENT=2 DEFAULT CHARSET=utf8;

--
-- Daten für Tabelle `carer`
--

INSERT INTO `carer` (`id`, `companyId`, `firstname`, `lastname`, `title`, `password`, `email`, `street`, `plz`, `city`) VALUES
(1, 1, 'Paula', 'Pfleger', NULL, '12345678', 'pp@pflegedienst.de', 'Musterstraße', '77777', 'Pflegestadt');

-- --------------------------------------------------------

--
-- Tabellenstruktur für Tabelle `carer_patient`
--

CREATE TABLE IF NOT EXISTS `carer_patient` (
`id` int(11) NOT NULL,
  `carerId` int(11) NOT NULL,
  `patientId` int(11) NOT NULL,
  `datetime` datetime NOT NULL
) ENGINE=InnoDB AUTO_INCREMENT=9 DEFAULT CHARSET=utf8;

--
-- Daten für Tabelle `carer_patient`
--

INSERT INTO `carer_patient` (`id`, `carerId`, `patientId`, `datetime`) VALUES
(1, 1, 1, '2016-05-16 09:00:00'),
(2, 1, 2, '2016-05-16 10:30:00'),
(3, 1, 3, '2016-05-16 12:00:00'),
(4, 1, 4, '2016-05-16 14:30:00'),
(5, 1, 1, '2016-05-16 15:15:00'),
(6, 1, 5, '2016-05-16 16:00:00'),
(7, 1, 6, '2016-05-16 17:00:00'),
(8, 1, 1, '2016-05-16 17:30:00');

-- --------------------------------------------------------

--
-- Tabellenstruktur für Tabelle `company`
--

CREATE TABLE IF NOT EXISTS `company` (
`id` int(11) NOT NULL,
  `name` varchar(45) NOT NULL,
  `street` varchar(45) DEFAULT NULL,
  `zip` varchar(45) DEFAULT NULL,
  `city` varchar(45) DEFAULT NULL
) ENGINE=InnoDB AUTO_INCREMENT=2 DEFAULT CHARSET=utf8;

--
-- Daten für Tabelle `company`
--

INSERT INTO `company` (`id`, `name`, `street`, `zip`, `city`) VALUES
(1, 'Pflegedienst GmbH', 'Pflegestraße 9', '77777', 'Pflegestadt');

-- --------------------------------------------------------

--
-- Tabellenstruktur für Tabelle `device`
--

CREATE TABLE IF NOT EXISTS `device` (
`id` int(11) NOT NULL,
  `name` varchar(45) NOT NULL
) ENGINE=InnoDB AUTO_INCREMENT=6 DEFAULT CHARSET=utf8;

--
-- Daten für Tabelle `device`
--

INSERT INTO `device` (`id`, `name`) VALUES
(1, 'Fernseher'),
(2, 'Rollladen'),
(3, 'Licht'),
(4, 'Radio'),
(5, 'Tür');

-- --------------------------------------------------------

--
-- Tabellenstruktur für Tabelle `device_state`
--

CREATE TABLE IF NOT EXISTS `device_state` (
`id` int(11) NOT NULL,
  `name` varchar(100) NOT NULL
) ENGINE=InnoDB AUTO_INCREMENT=8 DEFAULT CHARSET=utf8;

--
-- Daten für Tabelle `device_state`
--

INSERT INTO `device_state` (`id`, `name`) VALUES
(1, 'ON'),
(2, 'OFF'),
(3, 'STOP'),
(4, 'PAUSE'),
(5, 'PLAY'),
(6, 'OPEN'),
(7, 'CLOSED');

-- --------------------------------------------------------

--
-- Tabellenstruktur für Tabelle `heartrate`
--

CREATE TABLE IF NOT EXISTS `heartrate` (
`id` int(11) NOT NULL,
  `value` int(11) NOT NULL,
  `date` datetime NOT NULL,
  `patientId` int(11) NOT NULL
) ENGINE=InnoDB AUTO_INCREMENT=1168 DEFAULT CHARSET=utf8;

--
-- Daten für Tabelle `heartrate`
--

INSERT INTO `heartrate` (`id`, `value`, `date`, `patientId`) VALUES
(44, 70, '2016-05-02 11:29:34', 1),
(45, 70, '2016-05-02 11:29:49', 1),
(46, 70, '2016-05-02 11:29:54', 1),
(47, 70, '2016-05-02 11:29:54', 1),
(48, 70, '2016-05-02 11:29:54', 1),
(49, 70, '2016-05-02 11:29:55', 1),
(50, 70, '2016-05-02 11:29:55', 1),
(51, 70, '2016-05-02 11:29:55', 1),
(52, 70, '2016-05-02 11:29:56', 1),
(53, 70, '2016-05-02 11:29:56', 1),
(54, 70, '2016-05-02 11:29:56', 1),
(55, 70, '2016-05-02 11:29:57', 1),
(56, 70, '2016-05-02 11:29:57', 1),
(57, 70, '2016-05-02 11:29:57', 1),
(58, 70, '2016-05-02 11:29:58', 1),
(59, 70, '2016-05-02 11:29:58', 1),
(60, 70, '2016-05-02 11:29:58', 1),
(61, 70, '2016-05-02 11:29:59', 1),
(62, 70, '2016-05-02 11:29:59', 1),
(63, 70, '2016-05-02 11:29:59', 1),
(64, 70, '2016-05-02 11:30:00', 1),
(65, 70, '2016-05-02 11:30:00', 1),
(66, 70, '2016-05-02 11:30:00', 1),
(67, 70, '2016-05-02 11:30:01', 1),
(68, 70, '2016-05-02 11:30:01', 1),
(69, 70, '2016-05-02 11:30:01', 1),
(70, 70, '2016-05-02 11:30:02', 1),
(71, 70, '2016-05-02 11:30:02', 1),
(72, 70, '2016-05-02 11:30:03', 1),
(73, 70, '2016-05-02 11:30:03', 1),
(74, 68, '2016-05-02 11:30:05', 1),
(75, 68, '2016-05-02 11:30:05', 1),
(76, 67, '2016-05-02 11:30:07', 1),
(77, 68, '2016-05-02 11:30:07', 1),
(78, 68, '2016-05-02 11:30:09', 1),
(79, 68, '2016-05-02 11:30:09', 1),
(80, 68, '2016-05-02 11:30:11', 1),
(81, 68, '2016-05-02 11:30:12', 1),
(82, 67, '2016-05-02 11:30:12', 1),
(83, 68, '2016-05-02 11:30:14', 1),
(84, 69, '2016-05-02 11:30:14', 1),
(85, 71, '2016-05-02 11:30:16', 1),
(86, 72, '2016-05-02 11:30:16', 1),
(87, 73, '2016-05-02 11:30:18', 1),
(88, 73, '2016-05-02 11:30:18', 1),
(89, 73, '2016-05-02 11:30:20', 1),
(90, 72, '2016-05-02 11:30:20', 1),
(91, 73, '2016-05-02 11:30:22', 1),
(92, 73, '2016-05-02 11:30:22', 1),
(93, 74, '2016-05-02 11:30:24', 1),
(94, 74, '2016-05-02 11:30:24', 1),
(95, 74, '2016-05-02 11:30:26', 1),
(96, 73, '2016-05-02 11:30:26', 1),
(97, 73, '2016-05-02 11:30:28', 1),
(98, 73, '2016-05-02 11:30:31', 1),
(99, 73, '2016-05-02 11:30:31', 1),
(100, 72, '2016-05-02 11:30:31', 1),
(101, 71, '2016-05-02 11:30:32', 1),
(102, 72, '2016-05-02 11:30:32', 1),
(103, 72, '2016-05-02 11:30:34', 1),
(104, 72, '2016-05-02 11:30:34', 1),
(105, 71, '2016-05-02 11:30:36', 1),
(106, 70, '2016-05-02 11:30:37', 1),
(107, 70, '2016-05-02 11:30:37', 1),
(108, 70, '2016-05-02 11:30:39', 1),
(109, 70, '2016-05-02 11:30:39', 1),
(110, 71, '2016-05-02 11:30:41', 1),
(111, 70, '2016-05-02 11:30:41', 1),
(112, 69, '2016-05-02 11:30:43', 1),
(113, 70, '2016-05-02 11:30:43', 1),
(114, 69, '2016-05-02 11:30:45', 1),
(115, 70, '2016-05-02 11:30:45', 1),
(116, 70, '2016-05-02 11:30:47', 1),
(117, 69, '2016-05-02 11:30:47', 1),
(118, 71, '2016-05-02 11:30:49', 1),
(119, 72, '2016-05-02 11:30:49', 1),
(120, 72, '2016-05-02 11:30:51', 1),
(121, 73, '2016-05-02 11:30:51', 1),
(122, 74, '2016-05-02 11:30:53', 1),
(123, 74, '2016-05-02 11:30:53', 1),
(124, 74, '2016-05-02 11:30:55', 1),
(125, 70, '2016-05-02 11:30:55', 1),
(126, 70, '2016-05-02 11:30:57', 1),
(127, 70, '2016-05-02 11:30:57', 1),
(128, 70, '2016-05-02 11:30:59', 1),
(129, 70, '2016-05-02 11:30:59', 1),
(130, 70, '2016-05-02 11:31:01', 1),
(131, 70, '2016-05-02 11:31:01', 1),
(132, 70, '2016-05-02 11:31:03', 1),
(133, 70, '2016-05-02 11:31:03', 1),
(134, 70, '2016-05-02 11:31:05', 1),
(135, 73, '2016-05-02 11:53:37', 1),
(136, 73, '2016-05-02 11:53:48', 1),
(137, 73, '2016-05-02 11:53:55', 1),
(138, 73, '2016-05-02 11:54:01', 1),
(139, 73, '2016-05-02 11:54:07', 1),
(140, 73, '2016-05-02 11:54:13', 1),
(141, 73, '2016-05-02 11:54:46', 1),
(142, 73, '2016-05-02 11:54:56', 1),
(143, 73, '2016-05-02 11:55:06', 1),
(144, 71, '2016-05-02 11:58:13', 1),
(145, 67, '2016-05-03 11:58:33', 2),
(146, 69, '2016-05-03 11:58:53', 2),
(147, 70, '2016-05-02 11:59:13', 2),
(148, 70, '2016-05-02 11:59:33', 2),
(149, 70, '2016-05-10 10:32:55', 1),
(150, 70, '2016-05-10 10:33:54', 1),
(151, 70, '2016-05-10 10:34:54', 1),
(152, 70, '2016-05-10 10:35:55', 1),
(153, 70, '2016-05-10 10:36:54', 1),
(154, 70, '2016-05-10 10:37:54', 1),
(155, 70, '2016-05-10 10:38:07', 1),
(156, 70, '2016-05-10 10:40:02', 1),
(157, 70, '2016-05-10 10:40:10', 1),
(158, 70, '2016-05-10 10:40:14', 1),
(159, 70, '2016-05-10 10:40:18', 1),
(160, 70, '2016-05-10 10:56:50', 1),
(161, 70, '2016-05-10 10:57:10', 1),
(162, 70, '2016-05-10 10:58:29', 1),
(163, 70, '2016-05-10 11:00:32', 1),
(164, 70, '2016-05-10 11:02:29', 1),
(165, 70, '2016-05-10 11:03:28', 1),
(166, 70, '2016-05-10 11:04:29', 1),
(167, 70, '2016-05-10 11:05:29', 1),
(168, 77, '2016-05-10 11:06:47', 1),
(169, 74, '2016-05-10 11:07:57', 1),
(170, 74, '2016-05-10 11:09:01', 1),
(171, 84, '2016-05-10 11:10:12', 1),
(172, 72, '2016-05-10 11:12:24', 1),
(173, 72, '2016-05-10 11:13:28', 1),
(174, 72, '2016-05-10 11:14:41', 1),
(175, 72, '2016-05-10 11:17:08', 1),
(176, 72, '2016-05-10 11:17:52', 1),
(177, 72, '2016-05-10 11:19:43', 1),
(178, 83, '2016-05-10 11:21:09', 1),
(179, 75, '2016-05-10 11:22:57', 1),
(180, 81, '2016-05-10 11:24:10', 1),
(181, 120, '2016-05-10 11:25:35', 1),
(182, 94, '2016-05-10 11:27:51', 1),
(183, 70, '2016-05-10 11:30:08', 1),
(184, 75, '2016-05-10 11:33:19', 1),
(185, 78, '2016-05-10 11:34:33', 1),
(186, 78, '2016-05-10 11:36:57', 1),
(187, 76, '2016-05-10 11:39:29', 1),
(188, 70, '2016-05-10 11:40:34', 1),
(189, 72, '2016-05-10 11:41:41', 1),
(190, 77, '2016-05-10 11:43:09', 1),
(191, 80, '2016-05-10 11:44:09', 1),
(192, 84, '2016-05-10 11:45:30', 1),
(193, 75, '2016-05-10 11:46:31', 1),
(194, 75, '2016-05-10 11:47:32', 1),
(195, 75, '2016-05-10 11:48:33', 1),
(196, 75, '2016-05-10 11:49:35', 1),
(197, 75, '2016-05-10 11:50:36', 1),
(198, 75, '2016-05-10 11:51:40', 1),
(199, 82, '2016-05-10 11:52:43', 1),
(200, 78, '2016-05-10 11:53:48', 1),
(201, 78, '2016-05-10 11:54:49', 1),
(202, 75, '2016-05-10 11:55:52', 1),
(203, 75, '2016-05-10 11:56:53', 1),
(204, 75, '2016-05-10 11:57:56', 1),
(205, 75, '2016-05-10 11:58:58', 1),
(206, 75, '2016-05-10 12:00:00', 1),
(207, 73, '2016-05-10 12:01:01', 1),
(208, 70, '2016-05-04 12:02:04', 3),
(209, 70, '2016-05-10 12:03:06', 1),
(210, 70, '2016-05-10 12:04:07', 1),
(211, 70, '2016-05-08 12:05:09', 3),
(212, 69, '2016-05-10 12:06:13', 1),
(213, 69, '2016-05-08 12:07:15', 3),
(214, 69, '2016-05-10 12:08:18', 1),
(215, 100, '2016-05-08 12:09:21', 3),
(216, 69, '2016-05-10 12:10:24', 1),
(217, 76, '2016-05-10 12:11:24', 3),
(218, 77, '2016-05-10 12:12:26', 3),
(219, 72, '2016-05-10 12:13:29', 3),
(220, 72, '2016-05-10 12:14:33', 3),
(221, 72, '2016-05-11 12:15:35', 3),
(222, 72, '2016-05-11 12:16:39', 3),
(223, 70, '2016-05-14 00:00:00', 1),
(224, 75, '2016-05-14 03:00:00', 1),
(225, 72, '2016-05-14 06:00:00', 1),
(226, 73, '2016-05-14 09:00:00', 1),
(227, 70, '2016-05-14 12:00:00', 1),
(228, 80, '2016-05-14 15:00:00', 1),
(229, 76, '2016-05-14 18:00:00', 1),
(230, 74, '2016-05-14 21:00:00', 1),
(231, 73, '2016-05-14 00:08:34', 1),
(232, 73, '2016-05-14 00:16:36', 1),
(233, 85, '2016-05-14 00:34:44', 1),
(234, 77, '2016-05-14 00:47:46', 1),
(235, 82, '2016-05-14 01:00:47', 1),
(236, 76, '2016-05-14 15:18:48', 1),
(237, 76, '2016-05-14 15:18:49', 1),
(238, 75, '2016-05-14 15:18:51', 1),
(239, 76, '2016-05-14 15:18:52', 1),
(240, 76, '2016-05-14 15:18:53', 1),
(241, 76, '2016-05-14 15:18:54', 1),
(242, 75, '2016-05-14 15:18:55', 1),
(243, 76, '2016-05-14 15:18:56', 1),
(244, 75, '2016-05-14 15:18:57', 1),
(245, 117, '2016-05-14 15:18:59', 1),
(246, 117, '2016-05-14 15:19:00', 1),
(247, 116, '2016-05-14 15:19:01', 1),
(248, 117, '2016-05-14 15:19:02', 1),
(249, 117, '2016-05-14 15:19:04', 1),
(250, 116, '2016-05-14 15:19:05', 1),
(251, 114, '2016-05-14 15:19:07', 1),
(252, 114, '2016-05-14 15:19:09', 1),
(253, 114, '2016-05-14 15:19:10', 1),
(254, 114, '2016-05-14 15:19:12', 1),
(255, 73, '2016-05-14 15:20:00', 1),
(256, 71, '2016-05-14 15:20:17', 1),
(257, 71, '2016-05-14 15:20:20', 1),
(258, 71, '2016-05-14 15:20:29', 1),
(259, 71, '2016-05-14 15:20:31', 1),
(260, 71, '2016-05-14 15:20:33', 1),
(261, 71, '2016-05-14 15:20:34', 1),
(262, 71, '2016-05-14 15:20:35', 1),
(263, 71, '2016-05-14 15:20:36', 1),
(264, 71, '2016-05-14 15:20:37', 1),
(265, 71, '2016-05-14 15:20:38', 1),
(266, 71, '2016-05-14 15:20:39', 1),
(267, 71, '2016-05-14 15:20:40', 1),
(268, 71, '2016-05-14 15:20:41', 1),
(269, 71, '2016-05-14 15:20:42', 1),
(270, 71, '2016-05-14 15:20:43', 1),
(271, 71, '2016-05-14 15:20:44', 1),
(272, 71, '2016-05-14 15:20:45', 1),
(273, 71, '2016-05-14 15:20:46', 1),
(274, 71, '2016-05-14 15:20:47', 1),
(275, 71, '2016-05-14 15:20:49', 1),
(276, 71, '2016-05-14 15:20:49', 1),
(277, 71, '2016-05-14 15:20:50', 1),
(278, 71, '2016-05-14 15:20:51', 1),
(279, 71, '2016-05-14 15:20:52', 1),
(280, 71, '2016-05-14 15:20:53', 1),
(281, 71, '2016-05-14 15:20:54', 1),
(282, 71, '2016-05-14 15:20:56', 1),
(283, 71, '2016-05-14 15:20:57', 1),
(284, 71, '2016-05-14 15:20:58', 1),
(285, 71, '2016-05-14 15:21:00', 1),
(286, 71, '2016-05-14 15:21:00', 1),
(287, 71, '2016-05-14 15:21:01', 1),
(288, 71, '2016-05-14 15:21:02', 1),
(289, 80, '2016-05-14 15:21:11', 1),
(290, 77, '2016-05-14 15:21:22', 1),
(291, 76, '2016-05-14 15:21:30', 1),
(292, 74, '2016-05-14 15:21:55', 1),
(293, 73, '2016-05-14 15:22:00', 1),
(294, 73, '2016-05-14 15:27:35', 1),
(295, 69, '2016-05-14 15:27:37', 1),
(296, 69, '2016-05-14 15:27:38', 1),
(297, 69, '2016-05-14 15:27:39', 1),
(298, 69, '2016-05-14 15:27:40', 1),
(299, 69, '2016-05-14 15:27:42', 1),
(300, 69, '2016-05-14 15:27:43', 1),
(301, 69, '2016-05-14 15:27:45', 1),
(302, 69, '2016-05-14 15:27:50', 1),
(303, 69, '2016-05-14 15:27:52', 1),
(304, 69, '2016-05-14 15:27:53', 1),
(305, 69, '2016-05-14 15:27:55', 1),
(306, 69, '2016-05-14 15:27:57', 1),
(307, 74, '2016-05-14 15:27:58', 1),
(308, 79, '2016-05-14 15:27:59', 1),
(309, 83, '2016-05-14 15:28:00', 1),
(310, 82, '2016-05-14 15:28:01', 1),
(311, 82, '2016-05-14 15:28:02', 1),
(312, 81, '2016-05-14 15:28:03', 1),
(313, 80, '2016-05-14 15:28:05', 1),
(314, 78, '2016-05-14 15:28:06', 1),
(315, 79, '2016-05-14 15:28:07', 1),
(316, 78, '2016-05-14 15:28:08', 1),
(317, 78, '2016-05-14 15:28:09', 1),
(318, 78, '2016-05-14 15:28:13', 1),
(319, 78, '2016-05-14 15:28:15', 1),
(320, 77, '2016-05-14 15:28:23', 1),
(321, 79, '2016-05-14 15:28:24', 1),
(322, 79, '2016-05-14 15:28:26', 1),
(323, 80, '2016-05-14 15:28:27', 1),
(324, 80, '2016-05-14 15:28:29', 1),
(325, 81, '2016-05-14 15:28:31', 1),
(326, 81, '2016-05-14 15:28:32', 1),
(327, 79, '2016-05-14 15:28:34', 1),
(328, 78, '2016-05-14 15:28:36', 1),
(329, 78, '2016-05-14 15:28:37', 1),
(330, 79, '2016-05-14 15:28:39', 1),
(331, 79, '2016-05-14 15:28:50', 1),
(332, 79, '2016-05-14 15:29:02', 1),
(333, 79, '2016-05-14 15:29:04', 1),
(334, 79, '2016-05-14 15:29:08', 1),
(335, 79, '2016-05-14 15:29:10', 1),
(336, 79, '2016-05-14 15:29:11', 1),
(337, 79, '2016-05-14 15:29:27', 1),
(338, 79, '2016-05-14 15:29:29', 1),
(339, 79, '2016-05-14 15:29:48', 1),
(340, 70, '2016-05-14 15:31:46', 1),
(341, 70, '2016-05-14 15:31:48', 1),
(342, 70, '2016-05-14 15:32:01', 1),
(343, 70, '2016-05-14 15:32:03', 1),
(344, 70, '2016-05-14 15:32:04', 1),
(345, 70, '2016-05-14 15:32:06', 1),
(346, 70, '2016-05-14 15:32:07', 1),
(347, 70, '2016-05-14 15:32:09', 1),
(348, 70, '2016-05-14 15:32:10', 1),
(349, 70, '2016-05-14 15:32:11', 1),
(350, 70, '2016-05-14 15:32:13', 1),
(351, 70, '2016-05-14 15:32:14', 1),
(352, 70, '2016-05-14 15:32:16', 1),
(353, 70, '2016-05-14 15:32:19', 1),
(354, 70, '2016-05-14 15:32:21', 1),
(355, 70, '2016-05-14 15:32:29', 1),
(356, 70, '2016-05-14 15:32:31', 1),
(357, 70, '2016-05-14 15:32:33', 1),
(358, 77, '2016-05-14 15:34:49', 1),
(359, 77, '2016-05-14 15:34:54', 1),
(360, 77, '2016-05-14 15:35:02', 1),
(361, 77, '2016-05-14 15:35:05', 1),
(362, 77, '2016-05-14 15:35:08', 1),
(363, 77, '2016-05-14 15:35:10', 1),
(364, 77, '2016-05-14 15:35:12', 1),
(365, 77, '2016-05-14 15:35:16', 1),
(366, 77, '2016-05-14 15:35:17', 1),
(367, 77, '2016-05-14 15:35:18', 1),
(368, 77, '2016-05-14 15:35:20', 1),
(369, 77, '2016-05-14 15:35:21', 1),
(370, 77, '2016-05-14 15:35:23', 1),
(371, 77, '2016-05-14 15:35:24', 1),
(372, 77, '2016-05-14 15:35:26', 1),
(373, 77, '2016-05-14 15:35:27', 1),
(374, 77, '2016-05-14 15:35:33', 1),
(375, 77, '2016-05-14 15:35:34', 1),
(376, 77, '2016-05-14 15:35:49', 1),
(377, 77, '2016-05-14 15:35:54', 1),
(378, 77, '2016-05-14 15:35:54', 1),
(379, 77, '2016-05-14 15:35:55', 1),
(380, 77, '2016-05-14 15:35:56', 1),
(381, 70, '2016-05-14 15:35:57', 1),
(382, 70, '2016-05-14 15:35:59', 1),
(383, 70, '2016-05-14 15:36:00', 1),
(384, 70, '2016-05-14 15:36:02', 1),
(385, 70, '2016-05-14 15:36:03', 1),
(386, 70, '2016-05-14 15:36:04', 1),
(387, 70, '2016-05-14 15:36:06', 1),
(388, 70, '2016-05-14 15:36:07', 1),
(389, 70, '2016-05-14 15:36:09', 1),
(390, 70, '2016-05-14 15:36:20', 1),
(391, 70, '2016-05-14 15:36:39', 1),
(392, 70, '2016-05-14 15:36:41', 1),
(393, 70, '2016-05-14 15:36:42', 1),
(394, 70, '2016-05-14 15:36:44', 1),
(395, 70, '2016-05-14 15:36:46', 1),
(396, 70, '2016-05-14 15:36:47', 1),
(397, 70, '2016-05-14 15:36:49', 1),
(398, 70, '2016-05-14 15:36:50', 1),
(399, 70, '2016-05-14 15:37:21', 1),
(400, 70, '2016-05-14 15:37:22', 1),
(401, 70, '2016-05-14 15:37:23', 1),
(402, 70, '2016-05-14 15:37:23', 1),
(403, 70, '2016-05-14 15:37:24', 1),
(404, 70, '2016-05-14 15:37:25', 1),
(405, 70, '2016-05-14 15:37:26', 1),
(406, 70, '2016-05-14 15:37:27', 1),
(407, 70, '2016-05-14 15:37:29', 1),
(408, 70, '2016-05-14 15:38:13', 1),
(409, 65, '2016-05-14 15:42:09', 1),
(410, 65, '2016-05-14 15:42:10', 1),
(411, 65, '2016-05-14 15:42:25', 1),
(412, 65, '2016-05-14 15:42:35', 1),
(413, 65, '2016-05-14 15:42:48', 1),
(414, 65, '2016-05-14 15:43:08', 1),
(415, 65, '2016-05-14 15:43:09', 1),
(416, 65, '2016-05-14 15:43:18', 1),
(417, 65, '2016-05-14 15:43:28', 1),
(418, 65, '2016-05-14 15:43:37', 1),
(419, 69, '2016-05-14 15:43:39', 1),
(420, 73, '2016-05-14 15:58:29', 1),
(421, 73, '2016-05-14 15:58:31', 1),
(422, 73, '2016-05-14 15:58:32', 1),
(423, 73, '2016-05-14 15:58:34', 1),
(424, 73, '2016-05-14 15:58:35', 1),
(425, 73, '2016-05-14 15:58:37', 1),
(426, 73, '2016-05-14 15:58:38', 1),
(427, 73, '2016-05-14 15:58:40', 1),
(428, 73, '2016-05-14 15:58:41', 1),
(429, 73, '2016-05-14 15:58:43', 1),
(430, 73, '2016-05-14 15:58:44', 1),
(431, 73, '2016-05-14 15:59:14', 1),
(432, 73, '2016-05-14 15:59:20', 1),
(433, 77, '2016-05-14 16:03:29', 1),
(434, 77, '2016-05-14 16:03:35', 1),
(435, 77, '2016-05-14 16:03:48', 1),
(436, 77, '2016-05-14 16:04:02', 1),
(437, 77, '2016-05-14 16:04:08', 1),
(438, 77, '2016-05-14 16:04:12', 1),
(439, 80, '2016-05-14 16:05:56', 1),
(440, 80, '2016-05-14 16:05:57', 1),
(441, 79, '2016-05-14 16:06:06', 1),
(442, 62, '2016-05-14 16:27:06', 1),
(443, 63, '2016-05-14 16:27:08', 1),
(444, 63, '2016-05-14 16:27:47', 1),
(445, 54, '2016-05-14 16:28:55', 1),
(446, 54, '2016-05-14 16:28:56', 1),
(447, 54, '2016-05-14 16:29:01', 1),
(448, 54, '2016-05-14 16:29:02', 1),
(449, 54, '2016-05-14 16:29:03', 1),
(450, 54, '2016-05-14 16:29:05', 1),
(451, 54, '2016-05-14 16:29:06', 1),
(452, 54, '2016-05-14 16:29:08', 1),
(453, 54, '2016-05-14 16:29:09', 1),
(454, 54, '2016-05-14 16:29:11', 1),
(455, 54, '2016-05-14 16:29:13', 1),
(456, 54, '2016-05-14 16:29:15', 1),
(457, 54, '2016-05-14 16:29:16', 1),
(458, 54, '2016-05-14 16:29:19', 1),
(459, 54, '2016-05-14 16:29:20', 1),
(460, 54, '2016-05-14 16:29:21', 1),
(461, 54, '2016-05-14 16:29:23', 1),
(462, 54, '2016-05-14 16:29:24', 1),
(463, 54, '2016-05-14 16:29:26', 1),
(464, 54, '2016-05-14 16:29:33', 1),
(465, 54, '2016-05-14 16:29:44', 1),
(466, 54, '2016-05-14 16:29:47', 1),
(467, 54, '2016-05-14 16:29:51', 1),
(468, 54, '2016-05-14 16:29:53', 1),
(469, 54, '2016-05-14 16:29:55', 1),
(470, 54, '2016-05-14 16:29:57', 1),
(471, 54, '2016-05-14 16:29:59', 1),
(472, 54, '2016-05-14 16:30:00', 1),
(473, 54, '2016-05-14 16:30:08', 1),
(474, 54, '2016-05-14 16:30:10', 1),
(475, 54, '2016-05-14 16:30:12', 1),
(476, 54, '2016-05-14 16:30:13', 1),
(477, 70, '2016-05-14 16:30:14', 1),
(478, 70, '2016-05-14 16:30:15', 1),
(479, 70, '2016-05-14 16:30:16', 1),
(480, 70, '2016-05-14 16:30:18', 1),
(481, 70, '2016-05-14 16:30:20', 1),
(482, 70, '2016-05-14 16:30:21', 1),
(483, 70, '2016-05-14 16:30:22', 1),
(484, 70, '2016-05-14 16:30:24', 1),
(485, 70, '2016-05-14 16:30:25', 1),
(486, 70, '2016-05-14 16:30:26', 1),
(487, 70, '2016-05-14 16:30:28', 1),
(488, 70, '2016-05-14 16:30:36', 1),
(489, 70, '2016-05-14 16:30:39', 1),
(490, 70, '2016-05-14 16:30:40', 1),
(491, 70, '2016-05-14 16:30:42', 1),
(492, 70, '2016-05-14 16:30:43', 1),
(493, 70, '2016-05-14 16:30:45', 1),
(494, 70, '2016-05-14 16:30:49', 1),
(495, 70, '2016-05-14 16:30:53', 1),
(496, 70, '2016-05-14 16:30:56', 1),
(497, 70, '2016-05-14 16:30:57', 1),
(498, 70, '2016-05-14 16:30:58', 1),
(499, 70, '2016-05-14 16:31:00', 1),
(500, 70, '2016-05-14 16:31:02', 1),
(501, 70, '2016-05-14 16:31:04', 1),
(502, 70, '2016-05-14 16:31:05', 1),
(503, 70, '2016-05-14 16:31:08', 1),
(504, 70, '2016-05-14 16:31:09', 1),
(505, 70, '2016-05-14 16:31:11', 1),
(506, 70, '2016-05-14 16:31:15', 1),
(507, 70, '2016-05-14 16:31:17', 1),
(508, 70, '2016-05-14 16:31:18', 1),
(509, 70, '2016-05-14 16:31:20', 1),
(510, 70, '2016-05-14 16:31:21', 1),
(511, 70, '2016-05-14 16:31:28', 1),
(512, 70, '2016-05-14 16:31:31', 1),
(513, 70, '2016-05-14 16:31:37', 1),
(514, 70, '2016-05-14 16:31:40', 1),
(515, 70, '2016-05-14 16:31:44', 1),
(516, 70, '2016-05-14 16:32:20', 1),
(517, 70, '2016-05-14 19:05:58', 1),
(518, 70, '2016-05-14 19:06:02', 1),
(519, 70, '2016-05-14 19:06:03', 1),
(520, 70, '2016-05-14 19:06:05', 1),
(521, 70, '2016-05-14 19:06:07', 1),
(522, 71, '2016-05-14 19:06:08', 1),
(523, 70, '2016-05-14 19:06:09', 1),
(524, 70, '2016-05-14 19:06:10', 1),
(525, 69, '2016-05-14 19:06:11', 1),
(526, 69, '2016-05-14 19:06:12', 1),
(527, 76, '2016-05-16 15:27:54', 1),
(528, 76, '2016-05-16 15:27:57', 1),
(529, 76, '2016-05-16 15:27:59', 1),
(530, 77, '2016-05-16 15:28:19', 1),
(531, 77, '2016-05-16 15:28:21', 1),
(532, 76, '2016-05-16 15:28:22', 1),
(533, 75, '2016-05-16 15:28:24', 1),
(534, 75, '2016-05-16 15:28:24', 1),
(535, 74, '2016-05-16 15:28:27', 1),
(536, 75, '2016-05-16 15:28:28', 1),
(537, 75, '2016-05-16 15:28:30', 1),
(538, 74, '2016-05-16 15:28:32', 1),
(539, 73, '2016-05-16 15:28:33', 1),
(540, 74, '2016-05-16 15:28:34', 1),
(541, 74, '2016-05-16 15:28:36', 1),
(542, 74, '2016-05-16 15:28:37', 1),
(543, 75, '2016-05-16 15:28:38', 1),
(544, 74, '2016-05-16 15:28:39', 1),
(545, 74, '2016-05-16 15:28:41', 1),
(546, 70, '2016-05-16 15:29:09', 1),
(547, 71, '2016-05-16 15:29:10', 1),
(548, 71, '2016-05-16 15:29:11', 1),
(549, 71, '2016-05-16 15:29:13', 1),
(550, 71, '2016-05-16 15:29:14', 1),
(551, 70, '2016-05-16 15:29:15', 1),
(552, 71, '2016-05-16 15:29:17', 1),
(553, 71, '2016-05-16 15:29:18', 1),
(554, 71, '2016-05-16 15:29:20', 1),
(555, 71, '2016-05-16 15:29:21', 1),
(556, 71, '2016-05-16 15:30:23', 1),
(557, 71, '2016-05-16 15:30:25', 1),
(558, 71, '2016-05-16 15:30:26', 1),
(559, 71, '2016-05-16 15:30:28', 1),
(560, 71, '2016-05-16 15:30:29', 1),
(561, 71, '2016-05-16 15:30:32', 1),
(562, 71, '2016-05-16 15:30:34', 1),
(563, 71, '2016-05-16 15:30:35', 1),
(564, 71, '2016-05-16 15:30:37', 1),
(565, 71, '2016-05-16 15:30:54', 1),
(566, 71, '2016-05-16 15:30:57', 1),
(567, 71, '2016-05-16 15:30:58', 1),
(568, 71, '2016-05-16 15:31:00', 1),
(569, 71, '2016-05-16 15:31:01', 1),
(570, 71, '2016-05-16 15:31:03', 1),
(571, 71, '2016-05-16 15:31:04', 1),
(572, 71, '2016-05-16 15:31:06', 1),
(573, 71, '2016-05-16 15:31:07', 1),
(574, 71, '2016-05-16 15:31:09', 1),
(575, 67, '2016-05-16 15:31:59', 1),
(576, 67, '2016-05-16 15:32:01', 1),
(577, 67, '2016-05-16 15:32:02', 1),
(578, 67, '2016-05-16 15:32:04', 1),
(579, 67, '2016-05-16 15:32:05', 1),
(580, 67, '2016-05-16 15:32:06', 1),
(581, 67, '2016-05-16 15:32:08', 1),
(582, 67, '2016-05-16 15:32:09', 1),
(583, 67, '2016-05-16 15:32:11', 1),
(584, 67, '2016-05-16 15:32:13', 1),
(585, 67, '2016-05-16 15:32:14', 1),
(586, 67, '2016-05-16 15:32:15', 1),
(587, 67, '2016-05-16 15:32:17', 1),
(588, 70, '2016-05-16 15:32:53', 1),
(589, 70, '2016-05-16 15:32:55', 1),
(590, 70, '2016-05-16 15:32:58', 1),
(591, 70, '2016-05-16 15:33:00', 1),
(592, 70, '2016-05-16 15:33:01', 1),
(593, 70, '2016-05-16 15:34:18', 1),
(594, 70, '2016-05-16 15:34:20', 1),
(595, 70, '2016-05-16 15:34:21', 1),
(596, 70, '2016-05-16 15:34:23', 1),
(597, 70, '2016-05-16 15:34:24', 1),
(598, 70, '2016-05-16 15:34:26', 1),
(599, 70, '2016-05-16 15:34:27', 1),
(600, 70, '2016-05-16 15:34:29', 1),
(601, 70, '2016-05-16 15:34:31', 1),
(602, 70, '2016-05-16 15:34:33', 1),
(603, 70, '2016-05-16 15:34:34', 1),
(604, 70, '2016-05-16 15:34:36', 1),
(605, 70, '2016-05-16 15:34:37', 1),
(606, 70, '2016-05-16 15:34:39', 1),
(607, 70, '2016-05-16 15:34:40', 1),
(608, 70, '2016-05-16 15:34:42', 1),
(609, 70, '2016-05-16 15:34:43', 1),
(610, 70, '2016-05-16 15:35:00', 1),
(611, 70, '2016-05-16 15:35:03', 1),
(612, 70, '2016-05-16 15:35:04', 1),
(613, 70, '2016-05-16 15:35:06', 1),
(614, 70, '2016-05-16 15:35:07', 1),
(615, 70, '2016-05-16 15:35:09', 1),
(616, 70, '2016-05-16 15:35:10', 1),
(617, 70, '2016-05-16 15:35:12', 1),
(618, 70, '2016-05-16 15:35:13', 1),
(619, 70, '2016-05-16 15:35:15', 1),
(620, 70, '2016-05-16 15:35:16', 1),
(621, 70, '2016-05-16 15:35:18', 1),
(622, 70, '2016-05-16 15:35:19', 1),
(623, 70, '2016-05-16 15:35:21', 1),
(624, 70, '2016-05-16 15:35:23', 1),
(625, 70, '2016-05-16 15:35:24', 1),
(626, 70, '2016-05-16 15:35:26', 1),
(627, 70, '2016-05-16 15:35:27', 1),
(628, 70, '2016-05-16 15:35:28', 1),
(629, 70, '2016-05-16 15:35:30', 1),
(630, 70, '2016-05-16 15:35:31', 1),
(631, 70, '2016-05-16 15:35:33', 1),
(632, 70, '2016-05-16 15:35:34', 1),
(633, 70, '2016-05-16 15:35:36', 1),
(634, 70, '2016-05-16 15:35:37', 1),
(635, 70, '2016-05-16 15:36:28', 1),
(636, 70, '2016-05-16 15:36:36', 1),
(637, 70, '2016-05-16 15:36:38', 1),
(638, 70, '2016-05-16 15:36:39', 1),
(639, 70, '2016-05-16 15:36:40', 1),
(640, 70, '2016-05-16 15:36:42', 1),
(641, 70, '2016-05-16 15:36:43', 1),
(642, 70, '2016-05-16 15:36:45', 1),
(643, 70, '2016-05-16 15:36:47', 1),
(644, 70, '2016-05-16 15:36:48', 1),
(645, 70, '2016-05-16 15:36:50', 1),
(646, 70, '2016-05-16 15:36:51', 1),
(647, 70, '2016-05-16 15:36:53', 1),
(648, 70, '2016-05-16 15:36:54', 1),
(649, 70, '2016-05-16 15:36:55', 1),
(650, 70, '2016-05-16 15:36:57', 1),
(651, 70, '2016-05-16 15:36:58', 1),
(652, 70, '2016-05-16 15:37:00', 1),
(653, 70, '2016-05-16 15:38:41', 1),
(654, 70, '2016-05-16 15:38:43', 1),
(655, 70, '2016-05-16 15:38:45', 1),
(656, 70, '2016-05-16 15:38:46', 1),
(657, 70, '2016-05-16 15:38:49', 1),
(658, 70, '2016-05-16 15:38:50', 1),
(659, 70, '2016-05-16 15:38:52', 1),
(660, 70, '2016-05-16 15:38:53', 1),
(661, 70, '2016-05-16 15:38:55', 1),
(662, 70, '2016-05-16 15:38:56', 1),
(663, 70, '2016-05-16 15:38:58', 1),
(664, 70, '2016-05-16 15:38:59', 1),
(665, 70, '2016-05-16 15:39:01', 1),
(666, 70, '2016-05-16 15:39:02', 1),
(667, 70, '2016-05-16 15:41:49', 1),
(668, 70, '2016-05-16 15:41:52', 1),
(669, 70, '2016-05-16 15:41:53', 1),
(670, 70, '2016-05-16 15:41:55', 1),
(671, 70, '2016-05-16 15:41:56', 1),
(672, 70, '2016-05-16 15:41:58', 1),
(673, 70, '2016-05-16 15:41:59', 1),
(674, 70, '2016-05-16 15:42:01', 1),
(675, 70, '2016-05-16 15:42:02', 1),
(676, 70, '2016-05-16 15:42:04', 1),
(677, 70, '2016-05-16 15:42:05', 1),
(678, 70, '2016-05-16 15:42:07', 1),
(679, 70, '2016-05-16 15:42:08', 1),
(680, 70, '2016-05-16 15:42:10', 1),
(681, 70, '2016-05-16 15:42:11', 1),
(682, 70, '2016-05-16 15:42:13', 1),
(683, 70, '2016-05-16 15:48:08', 1),
(684, 70, '2016-05-16 15:49:10', 1),
(685, 70, '2016-05-16 15:49:11', 1),
(686, 70, '2016-05-16 15:49:13', 1),
(687, 70, '2016-05-16 15:49:15', 1),
(688, 70, '2016-05-16 15:49:18', 1),
(689, 70, '2016-05-16 15:49:21', 1),
(690, 70, '2016-05-16 15:49:23', 1),
(691, 70, '2016-05-16 15:49:24', 1),
(692, 70, '2016-05-16 15:49:26', 1),
(693, 70, '2016-05-16 15:49:28', 1),
(694, 70, '2016-05-16 15:49:33', 1),
(695, 70, '2016-05-16 15:50:37', 1),
(696, 70, '2016-05-16 15:50:38', 1),
(697, 70, '2016-05-16 15:50:40', 1),
(698, 70, '2016-05-16 15:50:42', 1),
(699, 70, '2016-05-16 15:50:44', 1),
(700, 70, '2016-05-16 15:50:46', 1),
(701, 70, '2016-05-16 15:50:48', 1),
(702, 70, '2016-05-16 15:50:52', 1),
(703, 70, '2016-05-16 15:50:54', 1),
(704, 70, '2016-05-16 15:51:40', 1),
(705, 70, '2016-05-16 15:51:43', 1),
(706, 70, '2016-05-16 15:51:44', 1),
(707, 70, '2016-05-16 15:51:46', 1),
(708, 70, '2016-05-16 15:51:48', 1),
(709, 70, '2016-05-16 15:51:50', 1),
(710, 70, '2016-05-16 15:51:52', 1),
(711, 70, '2016-05-16 15:51:54', 1),
(712, 70, '2016-05-16 15:51:56', 1),
(713, 70, '2016-05-16 15:51:57', 1),
(714, 70, '2016-05-16 15:51:59', 1),
(715, 70, '2016-05-16 15:52:01', 1),
(716, 70, '2016-05-16 15:52:03', 1),
(717, 70, '2016-05-16 15:52:05', 1),
(718, 70, '2016-05-16 15:52:07', 1),
(719, 70, '2016-05-16 15:52:09', 1),
(720, 70, '2016-05-16 15:52:10', 1),
(721, 70, '2016-05-16 15:52:12', 1),
(722, 70, '2016-05-16 15:52:13', 1),
(723, 70, '2016-05-16 15:52:15', 1),
(724, 70, '2016-05-16 15:52:17', 1),
(725, 70, '2016-05-16 15:52:19', 1),
(726, 70, '2016-05-16 15:52:21', 1),
(727, 70, '2016-05-16 15:52:23', 1),
(728, 70, '2016-06-08 18:29:41', 1),
(729, 70, '2016-06-08 18:29:44', 1),
(730, 70, '2016-06-08 18:29:45', 1),
(731, 70, '2016-06-08 18:29:47', 1),
(732, 70, '2016-06-08 18:29:49', 1),
(733, 70, '2016-06-08 18:29:50', 1),
(734, 70, '2016-06-08 18:29:52', 1),
(735, 70, '2016-06-08 18:30:23', 1),
(736, 70, '2016-06-08 18:30:25', 1),
(737, 70, '2016-06-08 18:30:27', 1),
(738, 70, '2016-06-08 18:30:29', 1),
(739, 70, '2016-06-08 18:30:31', 1),
(740, 70, '2016-06-08 18:30:32', 1),
(741, 70, '2016-06-08 18:30:34', 1),
(742, 70, '2016-06-08 18:30:36', 1),
(743, 70, '2016-06-08 18:30:38', 1),
(744, 70, '2016-06-08 18:30:41', 1),
(745, 70, '2016-06-08 18:30:43', 1),
(746, 70, '2016-06-08 18:30:45', 1),
(747, 70, '2016-06-08 18:30:47', 1),
(748, 70, '2016-06-08 18:30:53', 1),
(749, 70, '2016-06-08 18:30:59', 1),
(750, 70, '2016-06-08 18:31:00', 1),
(751, 70, '2016-06-08 18:31:02', 1),
(752, 70, '2016-06-08 18:31:04', 1),
(753, 70, '2016-06-08 18:31:06', 1),
(754, 70, '2016-06-08 18:31:09', 1),
(755, 70, '2016-06-08 18:31:11', 1),
(756, 70, '2016-06-08 18:31:13', 1),
(757, 70, '2016-06-08 18:31:15', 1),
(758, 70, '2016-06-08 18:31:16', 1),
(759, 70, '2016-06-08 18:31:18', 1),
(760, 70, '2016-06-08 18:31:20', 1),
(761, 70, '2016-06-08 18:31:22', 1),
(762, 70, '2016-06-08 18:31:30', 1),
(763, 70, '2016-06-08 18:31:31', 1),
(764, 70, '2016-06-08 18:31:33', 1),
(765, 70, '2016-06-08 18:31:35', 1),
(766, 70, '2016-06-08 18:31:37', 1),
(767, 70, '2016-06-08 18:31:39', 1),
(768, 70, '2016-06-08 18:31:41', 1),
(769, 70, '2016-06-08 18:31:43', 1),
(770, 70, '2016-06-08 18:31:45', 1),
(771, 70, '2016-06-08 18:31:47', 1),
(772, 70, '2016-06-08 18:31:49', 1),
(773, 70, '2016-06-08 18:31:51', 1),
(774, 70, '2016-06-08 18:31:52', 1),
(775, 70, '2016-06-08 18:31:54', 1),
(776, 70, '2016-06-08 18:31:56', 1),
(777, 70, '2016-06-08 18:31:58', 1),
(778, 70, '2016-06-08 18:32:00', 1),
(779, 70, '2016-06-08 18:32:02', 1),
(780, 70, '2016-06-08 18:32:04', 1),
(781, 70, '2016-06-08 18:32:07', 1),
(782, 70, '2016-06-08 18:32:09', 1),
(783, 70, '2016-06-08 18:32:11', 1),
(784, 70, '2016-06-08 18:32:13', 1),
(785, 70, '2016-06-08 18:32:15', 1),
(786, 70, '2016-06-08 18:32:17', 1),
(787, 70, '2016-06-08 18:32:19', 1),
(788, 70, '2016-06-08 18:32:21', 1),
(789, 70, '2016-06-08 18:41:20', 1),
(790, 70, '2016-06-08 18:41:21', 1),
(791, 70, '2016-06-08 18:41:23', 1),
(792, 70, '2016-06-08 18:41:25', 1),
(793, 70, '2016-06-08 18:41:26', 1),
(794, 70, '2016-06-08 18:41:28', 1),
(795, 70, '2016-06-08 18:41:31', 1),
(796, 70, '2016-06-08 18:43:03', 1),
(797, 70, '2016-06-08 18:43:12', 1),
(798, 70, '2016-06-08 18:43:52', 1),
(799, 70, '2016-06-08 18:44:48', 1),
(800, 70, '2016-06-08 18:44:58', 1),
(801, 70, '2016-06-08 18:45:08', 1),
(802, 70, '2016-06-08 18:45:18', 1),
(803, 70, '2016-06-08 18:45:28', 1),
(804, 70, '2016-06-08 18:45:47', 1),
(805, 70, '2016-06-08 18:45:57', 1),
(806, 70, '2016-06-08 18:46:06', 1),
(807, 70, '2016-06-08 18:46:16', 1),
(808, 70, '2016-06-08 18:46:27', 1),
(809, 70, '2016-06-08 18:46:37', 1),
(810, 70, '2016-06-08 18:46:47', 1),
(811, 70, '2016-06-08 20:35:49', 1),
(812, 70, '2016-06-08 20:35:59', 1),
(813, 70, '2016-06-08 20:36:10', 1),
(814, 70, '2016-06-08 20:36:20', 1),
(815, 70, '2016-06-08 20:36:30', 1),
(816, 70, '2016-06-08 20:36:40', 1),
(817, 70, '2016-06-08 20:36:50', 1),
(818, 70, '2016-06-08 20:38:05', 1),
(819, 70, '2016-06-08 20:38:16', 1),
(820, 70, '2016-06-08 20:39:11', 1),
(821, 70, '2016-06-08 20:39:21', 1),
(822, 70, '2016-06-08 20:39:31', 1),
(823, 70, '2016-06-08 20:39:41', 1),
(824, 70, '2016-06-08 20:39:51', 1),
(825, 70, '2016-06-08 20:40:02', 1),
(826, 70, '2016-06-08 20:40:11', 1),
(827, 70, '2016-06-08 20:40:22', 1),
(828, 70, '2016-06-08 20:40:31', 1),
(829, 70, '2016-06-08 20:40:42', 1),
(830, 70, '2016-06-08 20:40:51', 1),
(831, 70, '2016-06-08 20:41:02', 1),
(832, 70, '2016-06-08 20:41:11', 1),
(833, 70, '2016-06-08 20:41:22', 1),
(834, 70, '2016-06-08 20:41:31', 1),
(835, 70, '2016-06-08 20:41:42', 1),
(836, 70, '2016-06-08 20:41:52', 1),
(837, 70, '2016-06-08 20:42:02', 1),
(838, 70, '2016-06-08 20:42:12', 1),
(839, 70, '2016-06-08 20:42:22', 1),
(840, 70, '2016-06-08 20:42:32', 1),
(841, 70, '2016-06-08 20:42:43', 1),
(842, 70, '2016-06-08 20:42:53', 1),
(843, 70, '2016-06-08 20:43:03', 1),
(844, 70, '2016-06-08 20:43:12', 1),
(845, 70, '2016-06-08 20:43:23', 1),
(846, 70, '2016-06-08 20:43:32', 1),
(847, 70, '2016-06-08 20:43:42', 1),
(848, 70, '2016-06-08 20:43:52', 1),
(849, 70, '2016-06-08 20:44:03', 1),
(850, 70, '2016-06-08 20:44:13', 1),
(851, 70, '2016-06-08 20:44:23', 1),
(852, 70, '2016-06-08 20:44:33', 1),
(853, 70, '2016-06-08 20:44:43', 1),
(854, 70, '2016-06-08 20:44:53', 1),
(855, 70, '2016-06-08 20:45:04', 1),
(856, 70, '2016-06-08 20:45:13', 1),
(857, 70, '2016-06-08 20:45:24', 1),
(858, 70, '2016-06-08 20:45:34', 1),
(859, 70, '2016-06-08 20:45:43', 1),
(860, 70, '2016-06-08 20:45:54', 1),
(861, 70, '2016-06-08 20:46:03', 1),
(862, 70, '2016-06-08 20:46:14', 1),
(863, 70, '2016-06-08 20:46:23', 1),
(864, 70, '2016-06-08 20:46:33', 1),
(865, 70, '2016-06-08 20:46:44', 1),
(866, 70, '2016-06-08 20:46:54', 1),
(867, 70, '2016-06-08 20:47:04', 1),
(868, 70, '2016-06-08 20:47:31', 1),
(869, 70, '2016-06-08 20:47:41', 1),
(870, 70, '2016-06-08 20:47:52', 1),
(871, 70, '2016-06-08 20:48:44', 1),
(872, 70, '2016-06-08 20:49:02', 1),
(873, 70, '2016-06-08 20:49:12', 1),
(874, 70, '2016-06-08 21:43:22', 1),
(875, 70, '2016-06-08 21:46:30', 1),
(876, 70, '2016-06-08 21:46:39', 1),
(877, 70, '2016-06-08 21:47:04', 1),
(878, 70, '2016-06-08 21:47:14', 1),
(879, 70, '2016-06-08 21:47:31', 1),
(880, 70, '2016-06-08 21:48:09', 1),
(881, 70, '2016-06-08 21:52:20', 1),
(882, 70, '2016-06-08 21:52:30', 1),
(883, 70, '2016-06-08 21:52:57', 1),
(884, 70, '2016-06-08 21:54:14', 1),
(885, 70, '2016-06-08 21:56:53', 1),
(886, 70, '2016-06-08 21:57:50', 1),
(887, 70, '2016-07-11 08:47:57', 1),
(888, 70, '2016-07-11 08:47:57', 1),
(889, 70, '2016-07-11 08:48:07', 1),
(890, 70, '2016-07-11 08:48:17', 1),
(891, 70, '2016-07-11 08:48:27', 1),
(892, 70, '2016-07-11 08:48:37', 1),
(893, 70, '2016-07-11 08:48:47', 1),
(894, 70, '2016-07-11 08:48:57', 1),
(895, 70, '2016-07-11 08:49:07', 1),
(896, 70, '2016-07-11 08:49:18', 1),
(897, 70, '2016-07-11 08:49:28', 1),
(898, 70, '2016-07-11 08:49:38', 1),
(899, 70, '2016-07-11 08:49:48', 1),
(900, 70, '2016-07-11 08:49:58', 1),
(901, 70, '2016-07-11 08:50:08', 1),
(902, 70, '2016-07-11 08:50:18', 1),
(903, 70, '2016-07-11 08:50:28', 1),
(904, 70, '2016-07-11 08:50:38', 1),
(905, 70, '2016-07-11 08:50:47', 1),
(906, 70, '2016-07-11 08:50:58', 1),
(907, 70, '2016-07-11 08:51:08', 1),
(908, 70, '2016-07-11 08:51:15', 1),
(909, 70, '2016-07-11 08:51:15', 1),
(910, 70, '2016-07-11 08:51:25', 1),
(911, 70, '2016-07-11 08:51:35', 3),
(912, 70, '2016-07-11 08:51:45', 3),
(913, 70, '2016-07-11 08:51:55', 3),
(914, 70, '2016-07-11 08:52:05', 3),
(915, 70, '2016-07-11 08:52:15', 3),
(916, 70, '2016-07-11 08:52:25', 3),
(917, 70, '2016-07-11 08:52:35', 3),
(918, 70, '2016-07-11 08:52:45', 3),
(919, 70, '2016-07-11 08:52:55', 3),
(920, 70, '2016-07-11 08:53:05', 3),
(921, 70, '2016-07-11 08:53:15', 3),
(922, 70, '2016-07-11 08:53:25', 3),
(923, 70, '2016-07-11 08:53:36', 3),
(924, 70, '2016-07-11 08:53:45', 3),
(925, 70, '2016-07-11 08:53:55', 3),
(926, 70, '2016-07-11 08:54:06', 3),
(927, 70, '2016-07-11 08:54:16', 3),
(928, 70, '2016-07-11 08:54:25', 3),
(929, 70, '2016-07-11 08:54:36', 3),
(930, 70, '2016-07-11 08:54:45', 3),
(931, 72, '2016-07-11 12:58:05', 1),
(932, 75, '2016-07-11 12:58:15', 1),
(933, 80, '2016-07-11 12:58:25', 1),
(934, 75, '2016-07-11 12:58:36', 1),
(935, 77, '2016-07-11 12:58:46', 1),
(936, 76, '2016-07-11 12:58:56', 1),
(937, 70, '2016-07-11 12:59:06', 1),
(938, 71, '2016-07-11 12:59:16', 1),
(939, 68, '2016-07-11 12:59:26', 1),
(940, 68, '2016-07-11 12:59:36', 1),
(941, 73, '2016-07-11 12:59:46', 1),
(942, 74, '2016-07-11 12:59:56', 1),
(943, 68, '2016-07-11 13:40:05', 1),
(944, 69, '2016-07-11 13:00:15', 1),
(945, 69, '2016-07-11 13:00:25', 1),
(946, 69, '2016-07-11 13:00:36', 1),
(947, 74, '2016-07-11 13:00:50', 1),
(948, 79, '2016-07-11 13:36:00', 1),
(949, 79, '2016-07-11 13:37:00', 1),
(950, 80, '2016-07-11 15:03:00', 1),
(951, 79, '2016-07-11 15:04:00', 1),
(952, 78, '2016-07-11 15:05:00', 1),
(953, 70, '2016-07-11 15:14:12', 1),
(954, 70, '2016-07-11 15:14:22', 1),
(955, 70, '2016-07-11 15:14:32', 1),
(956, 70, '2016-07-11 15:14:47', 1),
(957, 70, '2016-07-11 15:14:56', 1),
(958, 70, '2016-07-11 15:15:07', 1),
(959, 70, '2016-07-11 15:15:19', 1),
(960, 70, '2016-07-11 15:15:28', 1),
(961, 70, '2016-07-11 15:15:40', 1),
(962, 70, '2016-07-11 15:23:34', 1),
(963, 70, '2016-07-11 15:23:38', 1),
(964, 70, '2016-07-11 15:23:48', 1),
(965, 69, '2016-07-11 15:23:58', 1),
(966, 69, '2016-07-11 15:30:17', 1),
(967, 69, '2016-07-11 15:30:27', 1),
(968, 69, '2016-07-11 15:30:37', 1),
(969, 69, '2016-07-11 15:30:48', 1),
(970, 69, '2016-07-11 15:30:57', 1),
(971, 69, '2016-07-11 15:31:07', 1),
(972, 69, '2016-07-11 15:31:17', 1),
(973, 69, '2016-07-11 15:31:27', 1),
(974, 69, '2016-07-11 15:31:37', 1),
(975, 69, '2016-07-11 15:31:47', 1),
(976, 69, '2016-07-11 15:31:57', 1),
(977, 69, '2016-07-11 15:32:07', 1),
(978, 69, '2016-07-11 15:32:17', 1),
(979, 69, '2016-07-11 15:32:27', 1),
(980, 69, '2016-07-11 15:32:37', 1),
(981, 69, '2016-07-11 15:32:47', 1),
(982, 69, '2016-07-11 15:32:59', 1),
(983, 69, '2016-07-11 15:33:10', 1),
(984, 69, '2016-07-11 15:33:20', 1),
(985, 69, '2016-07-11 15:33:32', 1),
(986, 69, '2016-07-11 15:33:45', 1),
(987, 69, '2016-07-11 15:33:56', 1),
(988, 69, '2016-07-11 15:34:07', 1),
(989, 69, '2016-07-11 15:34:17', 1),
(990, 69, '2016-07-11 15:34:27', 1),
(991, 74, '2016-07-11 15:40:57', 1),
(992, 72, '2016-07-11 15:41:04', 1),
(993, 72, '2016-07-11 15:41:14', 1),
(994, 72, '2016-07-11 15:41:24', 1),
(995, 72, '2016-07-11 15:41:34', 1),
(996, 72, '2016-07-11 15:41:44', 1),
(997, 72, '2016-07-11 15:41:54', 1),
(998, 72, '2016-07-11 15:42:04', 1),
(999, 72, '2016-07-11 15:42:14', 1),
(1000, 72, '2016-07-11 15:42:24', 1),
(1001, 72, '2016-07-11 15:42:34', 1),
(1002, 72, '2016-07-11 15:42:44', 1),
(1003, 72, '2016-07-11 15:42:54', 1),
(1004, 72, '2016-07-11 15:43:04', 1),
(1005, 72, '2016-07-11 15:43:14', 1),
(1006, 72, '2016-07-11 15:43:24', 1),
(1007, 72, '2016-07-11 15:43:37', 1),
(1008, 72, '2016-07-11 15:43:47', 1),
(1009, 72, '2016-07-11 15:44:01', 1),
(1010, 72, '2016-07-11 15:44:12', 1),
(1011, 75, '2016-07-11 15:46:50', 1),
(1012, 77, '2016-07-11 15:46:54', 1),
(1013, 70, '2016-07-11 15:47:05', 1),
(1014, 70, '2016-07-11 15:47:14', 1),
(1015, 70, '2016-07-11 15:47:25', 1),
(1016, 70, '2016-07-11 15:47:34', 1),
(1017, 70, '2016-07-11 15:47:45', 1),
(1018, 70, '2016-07-11 15:47:59', 1),
(1019, 70, '2016-07-11 15:48:12', 1),
(1020, 70, '2016-07-11 15:48:24', 1),
(1021, 70, '2016-07-11 15:48:36', 1),
(1022, 70, '2016-07-11 15:48:47', 1),
(1023, 70, '2016-07-11 15:48:59', 1),
(1024, 73, '2016-07-11 15:52:42', 1),
(1025, 73, '2016-07-11 16:03:04', 1),
(1026, 73, '2016-07-11 16:03:13', 1),
(1027, 73, '2016-07-11 16:03:24', 1),
(1028, 73, '2016-07-11 16:03:34', 1),
(1029, 73, '2016-07-11 16:03:44', 1),
(1030, 73, '2016-07-11 16:03:55', 1),
(1031, 73, '2016-07-11 16:04:04', 1),
(1032, 73, '2016-07-11 16:04:15', 1),
(1033, 73, '2016-07-11 16:04:25', 1),
(1034, 73, '2016-07-11 16:04:35', 1),
(1035, 73, '2016-07-11 16:04:45', 1),
(1036, 73, '2016-07-11 16:04:55', 1),
(1037, 73, '2016-07-11 16:05:05', 1),
(1038, 73, '2016-07-11 16:05:14', 1),
(1039, 73, '2016-07-11 16:05:25', 1),
(1040, 73, '2016-07-11 16:05:37', 1),
(1041, 73, '2016-07-11 16:05:51', 1),
(1042, 73, '2016-07-11 16:06:01', 1),
(1043, 73, '2016-07-11 16:06:11', 1),
(1044, 73, '2016-07-11 16:06:21', 1),
(1045, 73, '2016-07-11 16:06:31', 1),
(1046, 73, '2016-07-11 16:06:41', 1),
(1047, 73, '2016-07-11 16:06:51', 1),
(1048, 73, '2016-07-11 16:07:01', 1),
(1049, 73, '2016-07-11 16:07:11', 1),
(1050, 73, '2016-07-11 16:07:22', 1),
(1051, 73, '2016-07-11 16:07:32', 1),
(1052, 73, '2016-07-11 16:07:42', 1),
(1053, 73, '2016-07-11 16:07:52', 1),
(1054, 73, '2016-07-11 16:08:01', 1),
(1055, 73, '2016-07-11 16:08:11', 1),
(1056, 73, '2016-07-11 16:08:22', 1),
(1057, 73, '2016-07-11 16:08:31', 1),
(1058, 73, '2016-07-11 16:08:42', 1),
(1059, 73, '2016-07-11 16:08:52', 1),
(1060, 73, '2016-07-11 16:09:02', 1),
(1061, 73, '2016-07-11 16:09:12', 1),
(1062, 73, '2016-07-11 16:09:22', 1),
(1063, 73, '2016-07-11 16:09:32', 1),
(1064, 73, '2016-07-11 16:09:42', 1),
(1065, 73, '2016-07-11 16:09:52', 1),
(1066, 73, '2016-07-11 16:10:03', 1),
(1067, 73, '2016-07-11 16:10:15', 1),
(1068, 73, '2016-07-11 16:10:27', 1),
(1069, 73, '2016-07-11 16:10:39', 1),
(1070, 73, '2016-07-11 16:10:49', 1),
(1071, 73, '2016-07-11 16:11:02', 1),
(1072, 79, '2016-07-11 16:13:52', 1),
(1073, 83, '2016-07-11 16:13:53', 1),
(1074, 82, '2016-07-11 16:14:04', 1),
(1075, 82, '2016-07-11 16:14:14', 1),
(1076, 82, '2016-07-11 16:14:24', 1),
(1077, 82, '2016-07-11 16:14:34', 1),
(1078, 82, '2016-07-11 16:14:44', 1),
(1079, 82, '2016-07-11 16:14:54', 1),
(1080, 82, '2016-07-11 16:15:04', 1),
(1081, 82, '2016-07-11 16:15:13', 1),
(1082, 82, '2016-07-11 16:15:24', 1),
(1083, 82, '2016-07-11 16:15:35', 1),
(1084, 82, '2016-07-11 16:15:46', 1),
(1085, 82, '2016-07-11 16:15:56', 1),
(1086, 82, '2016-07-11 16:16:07', 1),
(1087, 82, '2016-07-11 16:16:20', 1),
(1088, 82, '2016-07-11 16:18:37', 1),
(1089, 82, '2016-07-11 16:18:47', 1),
(1090, 82, '2016-07-11 16:18:57', 1),
(1091, 82, '2016-07-11 16:19:07', 1),
(1092, 82, '2016-07-11 16:19:17', 1),
(1093, 82, '2016-07-11 16:19:27', 1),
(1094, 82, '2016-07-11 16:19:38', 1),
(1095, 82, '2016-07-11 16:19:50', 1),
(1096, 82, '2016-07-11 16:20:00', 1),
(1097, 82, '2016-07-11 16:20:10', 1),
(1098, 82, '2016-07-11 16:20:20', 1),
(1099, 70, '2016-07-11 16:20:30', 1),
(1100, 70, '2016-07-11 16:20:41', 1),
(1101, 70, '2016-07-11 16:20:51', 1),
(1102, 70, '2016-07-11 16:32:01', 1),
(1103, 70, '2016-07-11 16:32:11', 1),
(1104, 70, '2016-07-11 16:32:20', 1),
(1105, 70, '2016-07-11 16:32:31', 1),
(1106, 70, '2016-07-11 16:32:41', 1),
(1107, 70, '2016-07-11 16:32:51', 1),
(1108, 70, '2016-07-11 16:33:00', 1),
(1109, 70, '2016-07-11 16:33:11', 1),
(1110, 70, '2016-07-11 16:33:20', 1),
(1111, 72, '2016-07-12 08:31:42', 1),
(1112, 65, '2016-07-12 08:32:42', 1),
(1113, 71, '2016-07-12 08:33:42', 1),
(1114, 68, '2016-07-12 08:34:42', 1),
(1115, 84, '2016-07-12 08:36:02', 1),
(1116, 98, '2016-07-12 08:36:43', 1),
(1117, 78, '2016-07-12 08:38:13', 1),
(1118, 82, '2016-07-12 08:57:35', 1),
(1119, 73, '2016-07-12 08:58:33', 1),
(1120, 90, '2016-07-12 09:03:58', 1),
(1121, 108, '2016-07-12 09:05:00', 1),
(1122, 129, '2016-07-12 09:07:08', 1),
(1123, 96, '2016-07-12 09:09:31', 1),
(1124, 82, '2016-07-12 09:12:38', 1),
(1125, 71, '2016-07-12 09:18:32', 1),
(1126, 86, '2016-07-12 09:19:30', 1),
(1127, 84, '2016-07-12 09:20:45', 1),
(1128, 80, '2016-07-12 09:22:07', 1),
(1129, 86, '2016-07-12 09:23:07', 1),
(1130, 78, '2016-07-12 09:24:06', 1),
(1131, 82, '2016-07-12 09:25:07', 1),
(1132, 83, '2016-07-12 09:26:07', 1),
(1133, 75, '2016-07-12 09:27:07', 1),
(1134, 88, '2016-07-12 09:28:06', 1),
(1135, 81, '2016-07-12 09:29:06', 1),
(1136, 82, '2016-07-12 09:30:07', 1),
(1137, 74, '2016-07-12 09:31:18', 1),
(1138, 84, '2016-07-12 09:45:39', 1),
(1139, 84, '2016-07-12 09:45:40', 1),
(1140, 79, '2016-07-12 09:46:47', 1),
(1141, 79, '2016-07-12 09:54:01', 1),
(1142, 89, '2016-07-12 09:54:28', 1),
(1143, 88, '2016-07-12 09:54:34', 1),
(1144, 84, '2016-07-12 09:58:18', 1),
(1145, 79, '2016-07-12 09:59:35', 1),
(1146, 88, '2016-07-12 10:00:48', 1),
(1147, 102, '2016-07-12 10:03:03', 1),
(1148, 103, '2016-07-12 10:03:27', 1),
(1149, 81, '2016-07-12 10:04:41', 1),
(1150, 72, '2016-07-12 10:05:45', 1),
(1151, 81, '2016-07-12 10:06:54', 1),
(1152, 80, '2016-07-12 10:07:57', 1),
(1153, 87, '2016-07-12 10:09:06', 1),
(1154, 81, '2016-07-12 10:10:07', 1),
(1155, 87, '2016-07-12 10:11:07', 1),
(1156, 82, '2016-07-12 10:12:06', 1),
(1157, 81, '2016-07-12 10:13:06', 1),
(1158, 71, '2016-07-12 10:14:07', 1),
(1159, 79, '2016-07-12 10:15:07', 1),
(1160, 76, '2016-07-12 10:16:07', 1),
(1161, 78, '2016-07-12 10:17:06', 1),
(1162, 77, '2016-07-12 10:17:07', 1),
(1163, 73, '2016-07-12 10:18:07', 1),
(1164, 80, '2016-07-12 10:19:07', 1),
(1165, 92, '2016-07-12 10:20:08', 1),
(1166, 107, '2016-07-12 10:21:18', 1),
(1167, 73, '2016-07-12 10:25:15', 1);

-- --------------------------------------------------------

--
-- Tabellenstruktur für Tabelle `notification`
--

CREATE TABLE IF NOT EXISTS `notification` (
`id` int(11) NOT NULL,
  `patientId` int(11) NOT NULL,
  `text` text NOT NULL,
  `datetime` datetime NOT NULL
) ENGINE=InnoDB AUTO_INCREMENT=144 DEFAULT CHARSET=utf8;

--
-- Daten für Tabelle `notification`
--

INSERT INTO `notification` (`id`, `patientId`, `text`, `datetime`) VALUES
(1, 1, 'foo', '0000-00-00 00:00:00'),
(2, 1, 'asdf', '2016-05-31 22:08:07'),
(3, 1, 'asdf', '2016-05-31 22:08:07'),
(4, 1, 'test', '2016-05-31 22:38:40'),
(5, 1, 'test', '2016-05-31 22:40:20'),
(6, 1, 'test', '2016-05-31 23:13:44'),
(7, 1, 'Nachricht', '2016-05-31 23:28:55'),
(8, 1, 'test', '2016-05-31 23:29:48'),
(9, 1, 'Nachricht2', '2016-05-31 23:30:03'),
(10, 1, 'test', '2016-06-09 22:09:31'),
(11, 1, 'hallo', '2016-06-09 22:10:07'),
(12, 1, 'yo', '2016-06-09 22:10:16'),
(13, 1, 'test', '2016-06-13 17:17:14'),
(14, 1, 'hallo', '2016-06-13 19:52:48'),
(15, 1, 'hallo', '2016-06-13 19:58:57'),
(16, 1, 'tets', '2016-06-13 19:59:21'),
(17, 1, 'tets', '2016-06-13 19:59:25'),
(18, 1, 'hallo', '2016-06-13 19:59:35'),
(19, 1, 'hallo', '2016-06-13 19:59:51'),
(20, 1, 'test', '2016-06-13 20:00:01'),
(21, 1, 'test', '2016-06-13 20:00:10'),
(22, 1, 'tet', '2016-06-13 20:00:36'),
(23, 1, 'hallo', '2016-06-13 20:00:49'),
(24, 1, 'test', '2016-06-14 10:11:29'),
(25, 1, 'hallo', '2016-06-14 10:11:49'),
(26, 1, 'hallo1', '2016-06-14 10:12:08'),
(27, 1, 'tets', '2016-06-14 10:12:22'),
(28, 1, 'tetststst', '2016-06-14 10:13:16'),
(29, 1, 'halllo', '2016-06-14 10:23:42'),
(30, 1, 'hallo', '2016-06-14 11:28:34'),
(31, 1, 'fick dich', '2016-06-14 11:50:01'),
(32, 1, 'dasöfjv qöoweitrjgödlfkjgakölgj wlödfjasödrtjzwräpöthj', '2016-06-14 11:50:30'),
(33, 1, 'df', '2016-06-14 11:50:42'),
(34, 1, 'asdf', '2016-06-14 11:50:43'),
(35, 1, 'adsf', '2016-06-14 11:50:45'),
(36, 1, 'adsf', '2016-06-14 11:50:46'),
(37, 1, 'asdf', '2016-06-14 11:50:48'),
(38, 1, 'hallo', '2016-06-14 15:05:09'),
(39, 1, 'tesr', '2016-06-14 15:05:17'),
(40, 1, 'z', '2016-06-14 15:05:20'),
(41, 1, 'hallo', '2016-06-14 15:10:52'),
(42, 1, 'test', '2016-06-14 15:11:05'),
(43, 1, 'sa', '2016-06-14 15:11:26'),
(44, 1, 'test', '2016-06-14 16:06:43'),
(45, 1, 'test', '2016-06-14 16:06:51'),
(46, 1, 'vh', '2016-06-14 16:07:40'),
(47, 1, 'hgdg', '2016-06-14 16:07:49'),
(48, 1, 'ghjvhj', '2016-06-14 16:08:00'),
(49, 1, 'fghvhvjv', '2016-06-14 16:08:09'),
(50, 1, 'jhvhvj', '2016-06-14 16:08:17'),
(51, 1, 'hallo', '2016-06-14 16:21:21'),
(52, 1, 'hallo2', '2016-06-14 16:21:28'),
(53, 1, 'hjhbj', '2016-06-14 16:28:25'),
(54, 1, 'mmbbkjkj', '2016-06-14 16:28:27'),
(55, 1, 'nknnklnk', '2016-06-14 16:28:28'),
(56, 1, 'mlml', '2016-06-14 16:28:32'),
(57, 1, 'lölmöml', '2016-06-14 16:28:33'),
(58, 1, 'm  k', '2016-06-14 16:28:36'),
(59, 1, 'lmml', '2016-06-14 16:28:38'),
(60, 1, 'koj', '2016-06-14 16:28:44'),
(61, 1, 'knkl', '2016-06-14 16:28:48'),
(62, 1, 'ijnin', '2016-06-14 16:28:52'),
(63, 1, 'knkl', '2016-06-14 16:28:57'),
(64, 1, 'nklnk', '2016-06-14 16:28:58'),
(65, 1, 'mknl', '2016-06-14 16:28:59'),
(66, 1, 'hj', '2016-06-14 16:45:01'),
(67, 1, 'hh', '2016-06-14 16:52:33'),
(68, 1, 'emergency triggered from button', '2016-06-15 13:48:46'),
(69, 1, 'emergency triggered from button', '2016-06-15 13:48:52'),
(70, 1, 'emergency triggered from button', '2016-06-15 13:51:11'),
(71, 1, 'emergency triggered from button', '2016-06-16 09:39:44'),
(72, 1, 'emergency triggered from button', '2016-06-20 16:22:29'),
(73, 1, 'emergency triggered from button', '2016-06-20 16:35:02'),
(74, 1, 'emergency triggered from button', '2016-06-21 10:09:15'),
(75, 1, 'emergency triggered from button', '2016-06-21 10:12:51'),
(76, 1, 'test', '2016-06-21 10:13:05'),
(77, 1, 'emergency triggered from button', '2016-06-21 10:13:33'),
(78, 1, 'emergency triggered from button', '2016-06-21 10:14:14'),
(79, 1, '1', '2016-06-21 11:10:22'),
(80, 1, '1', '2016-06-21 11:10:26'),
(81, 1, 'emergency triggered from button', '2016-06-21 11:17:48'),
(82, 1, 'emergency triggered from button', '2016-06-21 11:18:38'),
(83, 1, 'emergency triggered from button', '2016-07-11 11:26:56'),
(84, 1, 'emergency triggered from button', '2016-07-11 11:26:57'),
(85, 1, 'emergency triggered from button', '2016-07-11 11:26:58'),
(86, 1, 'emergency triggered from button', '2016-07-11 11:26:59'),
(87, 1, 'emergency triggered from button', '2016-07-11 11:27:00'),
(88, 1, 'emergency triggered from button', '2016-07-11 11:27:01'),
(89, 1, 'emergency triggered from button', '2016-07-11 11:27:02'),
(90, 1, 'emergency triggered from button', '2016-07-11 11:27:03'),
(91, 1, 'emergency triggered from button', '2016-07-11 11:27:04'),
(92, 1, 'emergency triggered from button', '2016-07-11 11:27:05'),
(93, 1, 'emergency triggered from button', '2016-07-11 11:27:06'),
(94, 1, 'emergency triggered from button', '2016-07-11 11:27:07'),
(95, 1, 'emergency triggered from button', '2016-07-11 11:27:08'),
(96, 1, 'emergency triggered from button', '2016-07-11 11:27:09'),
(97, 1, 'emergency triggered from button', '2016-07-11 11:27:11'),
(98, 1, 'emergency triggered from button', '2016-07-11 11:27:12'),
(99, 1, 'emergency triggered from button', '2016-07-11 11:27:13'),
(100, 1, 'emergency triggered from button', '2016-07-11 11:27:14'),
(101, 1, 'emergency triggered from button', '2016-07-11 11:27:15'),
(102, 1, 'emergency triggered from button', '2016-07-11 11:27:16'),
(103, 1, 'emergency triggered from button', '2016-07-11 11:27:17'),
(104, 1, 'emergency triggered from button', '2016-07-11 11:27:18'),
(105, 1, 'emergency triggered from button', '2016-07-11 11:27:19'),
(106, 1, 'emergency triggered from button', '2016-07-11 11:27:20'),
(107, 1, 'emergency triggered from button', '2016-07-11 11:27:21'),
(108, 1, 'emergency triggered from button', '2016-07-11 11:27:22'),
(109, 1, 'emergency triggered from button', '2016-07-11 11:27:23'),
(110, 1, 'emergency triggered from button', '2016-07-11 11:27:24'),
(111, 1, 'emergency triggered from button', '2016-07-11 11:27:25'),
(112, 1, 'emergency triggered from button', '2016-07-11 11:27:27'),
(113, 1, 'emergency triggered from button', '2016-07-11 11:27:28'),
(114, 1, 'emergency triggered from button', '2016-07-11 11:27:29'),
(115, 1, 'emergency triggered from button', '2016-07-11 11:27:30'),
(116, 1, 'emergency triggered from button', '2016-07-11 11:27:31'),
(117, 1, 'emergency triggered from button', '2016-07-11 11:27:32'),
(118, 1, 'emergency triggered from button', '2016-07-11 11:27:33'),
(119, 1, 'emergency triggered from button', '2016-07-11 11:27:34'),
(120, 1, 'emergency triggered from button', '2016-07-11 11:27:35'),
(121, 1, 'emergency triggered from button', '2016-07-11 11:27:36'),
(122, 1, 'emergency triggered from button', '2016-07-11 11:27:37'),
(123, 1, 'emergency triggered from button', '2016-07-11 11:28:04'),
(124, 1, 'emergency triggered from button', '2016-07-11 11:28:10'),
(125, 1, 'emergency triggered from button', '2016-07-11 11:28:16'),
(126, 1, 'emergency triggered from button', '2016-07-11 13:26:13'),
(127, 1, 'emergency triggered from button', '2016-07-11 13:28:14'),
(128, 1, 'emergency triggered from button', '2016-07-11 13:42:15'),
(129, 1, 'emergency triggered from button', '2016-07-11 13:42:16'),
(130, 1, 'emergency triggered from button', '2016-07-11 13:42:27'),
(131, 1, 'emergency triggered from button', '2016-07-11 17:37:54'),
(132, 1, 'emergency triggered from button', '2016-07-11 17:38:00'),
(133, 1, 'emergency triggered from button', '2016-07-11 17:38:39'),
(134, 1, 'emergency triggered from button', '2016-07-11 17:38:46'),
(135, 1, 'emergency triggered from button', '2016-07-11 18:04:14'),
(136, 1, 'emergency triggered from button', '2016-07-12 09:29:57'),
(137, 1, 'emergency triggered from button', '2016-07-12 09:42:13'),
(138, 1, 'emergency triggered from button', '2016-07-12 09:52:50'),
(139, 1, 'emergency triggered from button', '2016-07-12 10:20:43'),
(140, 1, 'emergency triggered from button', '2016-07-12 11:18:12'),
(141, 1, 'emergency triggered from button', '2016-07-12 11:18:15'),
(142, 1, 'emergency triggered from button', '2016-07-12 11:18:16'),
(143, 1, 'emergency triggered from button', '2016-07-12 11:18:21');

-- --------------------------------------------------------

--
-- Tabellenstruktur für Tabelle `patient`
--

CREATE TABLE IF NOT EXISTS `patient` (
`id` int(11) NOT NULL,
  `image` varchar(255) DEFAULT NULL,
  `firstname` varchar(45) NOT NULL,
  `lastname` varchar(45) NOT NULL,
  `street` varchar(45) DEFAULT NULL,
  `zip` varchar(45) DEFAULT NULL,
  `city` varchar(45) DEFAULT NULL,
  `companyId` int(11) NOT NULL,
  `is_asleep` int(1) NOT NULL DEFAULT '0'
) ENGINE=InnoDB AUTO_INCREMENT=7 DEFAULT CHARSET=utf8;

--
-- Daten für Tabelle `patient`
--

INSERT INTO `patient` (`id`, `image`, `firstname`, `lastname`, `street`, `zip`, `city`, `companyId`, `is_asleep`) VALUES
(1, 'http://i2.top.de/932/263932,pd_2/cindy-marzahn.jpg', 'MS.', 'Allenson', 'Allensonstraße 11', '66666', 'Patientenstad', 1, 0),
(2, 'https://nyppagesix.files.wordpress.com/2014/01/arnold-schwarzenegger.jpg', 'Eric', 'Weislogel', 'Römerstraße 9', '70128', 'Stuttgart', 1, 0),
(3, 'http://www.whatweseee.com/wp-content/uploads/2015/11/eddie-murphy-afp-070514.jpg', 'Marcel', 'Lange', 'Langestraße 5', '70128', 'Stuttgart', 1, 0),
(4, 'http://cdn.images.express.co.uk/img/dynamic/78/590x/Wrestler-Hulk-Hogan-Madeleine-McCann-Tweet-562639.jpg', 'Michael ', 'Müller', 'Müllerstraße 1', '70128', 'Stuttgart', 1, 0),
(5, 'https://scontent.cdninstagram.com/hphotos-xfa1/t51.2885-15/s640x640/sh0.08/e35/11931062_452148318319658_1924985638_n.jpg', 'Jonas ', 'Miederer', 'Miedererstraße 99', '70128', 'Stuttgart', 1, 0),
(6, 'https://static.guim.co.uk/sys-images/Guardian/Pix/pictures/2014/9/26/1411724026290/Kim-Jong-un-012.jpg', 'Phillip', 'ReiF', 'ReiFstraße 3', '70128', 'Stuttgart', 1, 0);

-- --------------------------------------------------------

--
-- Tabellenstruktur für Tabelle `patient_devices`
--

CREATE TABLE IF NOT EXISTS `patient_devices` (
`id` int(11) NOT NULL,
  `patientId` int(11) NOT NULL,
  `deviceId` int(11) NOT NULL,
  `state` int(1) NOT NULL,
  `value` varchar(255) DEFAULT NULL
) ENGINE=InnoDB AUTO_INCREMENT=7 DEFAULT CHARSET=utf8;

--
-- Daten für Tabelle `patient_devices`
--

INSERT INTO `patient_devices` (`id`, `patientId`, `deviceId`, `state`, `value`) VALUES
(1, 1, 1, 2, NULL),
(2, 1, 2, 6, NULL),
(3, 1, 3, 2, NULL),
(5, 1, 4, 4, NULL),
(6, 1, 5, 6, NULL);

-- --------------------------------------------------------

--
-- Tabellenstruktur für Tabelle `sleepcycle`
--

CREATE TABLE IF NOT EXISTS `sleepcycle` (
`id` int(11) NOT NULL,
  `patientId` int(11) NOT NULL,
  `dateFrom` datetime NOT NULL,
  `dateTo` datetime DEFAULT NULL
) ENGINE=InnoDB AUTO_INCREMENT=76 DEFAULT CHARSET=utf8;

--
-- Daten für Tabelle `sleepcycle`
--

INSERT INTO `sleepcycle` (`id`, `patientId`, `dateFrom`, `dateTo`) VALUES
(1, 1, '2016-04-12 22:00:00', '2016-04-13 06:00:00'),
(2, 1, '2016-04-13 22:30:00', '2016-04-14 06:30:00'),
(4, 2, '2016-04-14 22:20:00', '2016-04-15 06:10:00'),
(5, 2, '2016-04-15 23:20:00', '2016-05-12 11:11:20'),
(38, 1, '2016-05-12 11:14:24', '2016-05-12 17:17:45'),
(41, 4, '2016-06-08 19:14:45', '2016-06-13 18:58:49'),
(50, 1, '2016-06-14 23:24:42', '2016-06-15 09:28:41'),
(75, 1, '2016-07-12 10:08:43', '2016-07-12 10:12:35');

--
-- Indizes der exportierten Tabellen
--

--
-- Indizes für die Tabelle `carer`
--
ALTER TABLE `carer`
 ADD PRIMARY KEY (`id`), ADD KEY `fk_company_carer_idx` (`companyId`);

--
-- Indizes für die Tabelle `carer_patient`
--
ALTER TABLE `carer_patient`
 ADD PRIMARY KEY (`id`), ADD KEY `fk_carer_cp_idx` (`carerId`), ADD KEY `fk_patient_cp_idx` (`patientId`);

--
-- Indizes für die Tabelle `company`
--
ALTER TABLE `company`
 ADD PRIMARY KEY (`id`);

--
-- Indizes für die Tabelle `device`
--
ALTER TABLE `device`
 ADD PRIMARY KEY (`id`);

--
-- Indizes für die Tabelle `device_state`
--
ALTER TABLE `device_state`
 ADD PRIMARY KEY (`id`);

--
-- Indizes für die Tabelle `heartrate`
--
ALTER TABLE `heartrate`
 ADD PRIMARY KEY (`id`), ADD KEY `fk_patient_heartrate_idx` (`patientId`);

--
-- Indizes für die Tabelle `notification`
--
ALTER TABLE `notification`
 ADD PRIMARY KEY (`id`), ADD KEY `fk_notification_idx` (`patientId`);

--
-- Indizes für die Tabelle `patient`
--
ALTER TABLE `patient`
 ADD PRIMARY KEY (`id`), ADD KEY `fk_company_patient_idx` (`companyId`);

--
-- Indizes für die Tabelle `patient_devices`
--
ALTER TABLE `patient_devices`
 ADD PRIMARY KEY (`id`), ADD KEY `fk_patient_pd_idx` (`patientId`), ADD KEY `fk_device_idx` (`deviceId`), ADD KEY `fk_device_state_pd` (`state`);

--
-- Indizes für die Tabelle `sleepcycle`
--
ALTER TABLE `sleepcycle`
 ADD PRIMARY KEY (`id`), ADD KEY `fk_patient_sc_idx` (`patientId`);

--
-- AUTO_INCREMENT für exportierte Tabellen
--

--
-- AUTO_INCREMENT für Tabelle `carer`
--
ALTER TABLE `carer`
MODIFY `id` int(11) NOT NULL AUTO_INCREMENT,AUTO_INCREMENT=2;
--
-- AUTO_INCREMENT für Tabelle `carer_patient`
--
ALTER TABLE `carer_patient`
MODIFY `id` int(11) NOT NULL AUTO_INCREMENT,AUTO_INCREMENT=9;
--
-- AUTO_INCREMENT für Tabelle `company`
--
ALTER TABLE `company`
MODIFY `id` int(11) NOT NULL AUTO_INCREMENT,AUTO_INCREMENT=2;
--
-- AUTO_INCREMENT für Tabelle `device`
--
ALTER TABLE `device`
MODIFY `id` int(11) NOT NULL AUTO_INCREMENT,AUTO_INCREMENT=6;
--
-- AUTO_INCREMENT für Tabelle `device_state`
--
ALTER TABLE `device_state`
MODIFY `id` int(11) NOT NULL AUTO_INCREMENT,AUTO_INCREMENT=8;
--
-- AUTO_INCREMENT für Tabelle `heartrate`
--
ALTER TABLE `heartrate`
MODIFY `id` int(11) NOT NULL AUTO_INCREMENT,AUTO_INCREMENT=1168;
--
-- AUTO_INCREMENT für Tabelle `notification`
--
ALTER TABLE `notification`
MODIFY `id` int(11) NOT NULL AUTO_INCREMENT,AUTO_INCREMENT=144;
--
-- AUTO_INCREMENT für Tabelle `patient`
--
ALTER TABLE `patient`
MODIFY `id` int(11) NOT NULL AUTO_INCREMENT,AUTO_INCREMENT=7;
--
-- AUTO_INCREMENT für Tabelle `patient_devices`
--
ALTER TABLE `patient_devices`
MODIFY `id` int(11) NOT NULL AUTO_INCREMENT,AUTO_INCREMENT=7;
--
-- AUTO_INCREMENT für Tabelle `sleepcycle`
--
ALTER TABLE `sleepcycle`
MODIFY `id` int(11) NOT NULL AUTO_INCREMENT,AUTO_INCREMENT=76;
--
-- Constraints der exportierten Tabellen
--

--
-- Constraints der Tabelle `carer`
--
ALTER TABLE `carer`
ADD CONSTRAINT `fk_company_carer` FOREIGN KEY (`companyId`) REFERENCES `company` (`id`) ON DELETE NO ACTION ON UPDATE NO ACTION;

--
-- Constraints der Tabelle `carer_patient`
--
ALTER TABLE `carer_patient`
ADD CONSTRAINT `fk_carer_cp` FOREIGN KEY (`carerId`) REFERENCES `carer` (`id`) ON DELETE NO ACTION ON UPDATE NO ACTION,
ADD CONSTRAINT `fk_patient_cp` FOREIGN KEY (`patientId`) REFERENCES `patient` (`id`) ON DELETE NO ACTION ON UPDATE NO ACTION;

--
-- Constraints der Tabelle `notification`
--
ALTER TABLE `notification`
ADD CONSTRAINT `fk_notification` FOREIGN KEY (`patientId`) REFERENCES `patient` (`id`) ON DELETE NO ACTION ON UPDATE NO ACTION;

--
-- Constraints der Tabelle `patient`
--
ALTER TABLE `patient`
ADD CONSTRAINT `fk_company_patient` FOREIGN KEY (`companyId`) REFERENCES `company` (`id`) ON DELETE NO ACTION ON UPDATE NO ACTION;

--
-- Constraints der Tabelle `patient_devices`
--
ALTER TABLE `patient_devices`
ADD CONSTRAINT `fk_device_pd` FOREIGN KEY (`deviceId`) REFERENCES `device` (`id`) ON DELETE NO ACTION ON UPDATE NO ACTION,
ADD CONSTRAINT `fk_device_state_pd` FOREIGN KEY (`state`) REFERENCES `device_state` (`id`) ON DELETE NO ACTION ON UPDATE NO ACTION,
ADD CONSTRAINT `fk_patient_pd` FOREIGN KEY (`patientId`) REFERENCES `patient` (`id`) ON DELETE NO ACTION ON UPDATE NO ACTION;

--
-- Constraints der Tabelle `sleepcycle`
--
ALTER TABLE `sleepcycle`
ADD CONSTRAINT `fk_patient_sc` FOREIGN KEY (`patientId`) REFERENCES `patient` (`id`) ON DELETE NO ACTION ON UPDATE CASCADE;

/*!40101 SET CHARACTER_SET_CLIENT=@OLD_CHARACTER_SET_CLIENT */;
/*!40101 SET CHARACTER_SET_RESULTS=@OLD_CHARACTER_SET_RESULTS */;
/*!40101 SET COLLATION_CONNECTION=@OLD_COLLATION_CONNECTION */;
